{
  "project_info": {
    "project_number": "657648637502",
    "project_id": "calvo-firebase",
    "storage_bucket": "calvo-firebase.appspot.com"
  },
  "client": [
    {
      "client_info": {
        "mobilesdk_app_id": "1:657648637502:android:5119150ad8ba335bd7636f",
        "android_client_info": {
          "package_name": "com.example.formlogin"
        }
      },
      "oauth_client": [
        {
          "client_id": "657648637502-jjbrulhkvtv6jt0jlnnhhsgms0n66rv1.apps.googleusercontent.com",
          "client_type": 3
        }
      ],
      "api_key": [
        {
          "current_key": "AIzaSyAekG2MHghPXj5FtxDIRaIlTqtXnKkmBOU"
        }
      ],
      "services": {
        "appinvite_service": {
          "other_platform_oauth_client": [
            {
              "client_id": "657648637502-jjbrulhkvtv6jt0jlnnhhsgms0n66rv1.apps.googleusercontent.com",
              "client_type": 3
            }
          ]
        }
      }
    }
  ],
  "configuration_version": "1"
}